guess_No,remaining_guesses,game_No
0,4227,1
1,4225,1
2,4224,1
3,4223,1
4,4222,1
5,4221,1
6,4220,1
7,4219,1
8,4218,1
9,4217,1
10,4216,1
11,4215,1
12,4214,1
13,4213,1
14,4212,1
15,4211,1
16,4210,1
17,4209,1
18,4208,1
19,4207,1
20,4206,1
21,4205,1
22,4204,1
23,4203,1
24,4202,1
25,4201,1
26,4200,1
27,4199,1
28,4198,1
29,4197,1
30,4196,1
31,4195,1
32,4194,1
33,4193,1
34,4192,1
35,4191,1
36,4190,1
37,4189,1
38,4188,1
39,4187,1
40,4186,1
41,4185,1
42,4184,1
43,4183,1
44,4182,1
45,4181,1
46,4180,1
47,4179,1
48,4178,1
49,4177,1
50,4176,1
51,4175,1
52,4174,1
53,4173,1
54,4172,1
55,4171,1
56,4170,1
57,4169,1
58,4168,1
59,4167,1
60,4166,1
61,4165,1
62,4164,1
63,4163,1
64,4162,1
65,4161,1
66,4160,1
67,4159,1
68,4158,1
69,4157,1
70,4156,1
71,4155,1
72,4154,1
73,4153,1
74,4152,1
75,4151,1
76,4150,1
77,4149,1
78,4148,1
79,4147,1
80,4146,1
81,4145,1
82,4144,1
83,4143,1
84,4142,1
85,4141,1
86,4140,1
87,4139,1
88,4138,1
89,4137,1
90,4136,1
91,4135,1
92,4134,1
93,4133,1
94,4132,1
95,4131,1
96,4130,1
97,4129,1
98,4128,1
99,4127,1
100,4126,1
101,4125,1
102,4124,1
103,4123,1
104,4122,1
105,4121,1
106,4120,1
107,4119,1
108,4118,1
109,4117,1
110,4116,1
111,4115,1
112,4114,1
113,4113,1
114,4112,1
115,4111,1
116,4110,1
117,4109,1
118,4108,1
119,4107,1
120,4106,1
121,4105,1
122,4104,1
123,4103,1
124,4102,1
125,4101,1
126,4100,1
127,4099,1
128,4098,1
129,4097,1
130,4096,1
131,4095,1
132,4094,1
133,4093,1
134,4092,1
135,4091,1
136,4090,1
137,4089,1
138,4088,1
139,4087,1
140,4086,1
141,4085,1
142,4084,1
143,4083,1
144,4082,1
145,4081,1
146,4080,1
147,4079,1
148,4078,1
149,4077,1
150,4076,1
151,4075,1
152,4074,1
153,4073,1
154,4072,1
155,4071,1
156,4070,1
157,4069,1
158,4068,1
159,4067,1
160,4066,1
161,4065,1
162,4064,1
163,4063,1
164,4062,1
165,4061,1
166,4060,1
167,4059,1
168,4058,1
169,4057,1
170,4056,1
171,4055,1
172,4054,1
173,4053,1
174,4052,1
175,4051,1
176,4050,1
177,4049,1
178,4048,1
179,4047,1
180,4046,1
181,4045,1
182,4044,1
183,4043,1
184,4042,1
185,4041,1
186,4040,1
187,4039,1
188,4038,1
189,4037,1
190,4036,1
191,4035,1
192,4034,1
193,4033,1
194,4032,1
195,4031,1
196,4030,1
197,4029,1
198,4028,1
199,4027,1
200,4026,1
201,4025,1
202,4024,1
203,4023,1
204,4022,1
205,4021,1
206,4020,1
207,4019,1
208,4018,1
209,4017,1
210,4016,1
211,4015,1
212,4014,1
213,4013,1
214,4012,1
215,4011,1
216,4010,1
217,4009,1
218,4008,1
219,4007,1
220,4006,1
221,4005,1
222,4004,1
223,4003,1
224,4002,1
225,4001,1
226,4000,1
227,3999,1
228,3998,1
229,3997,1
230,3996,1
231,3995,1
232,3994,1
233,3993,1
234,3992,1
235,3991,1
236,3990,1
237,3989,1
238,3988,1
239,3987,1
240,3986,1
241,3985,1
242,3984,1
243,3983,1
244,3982,1
245,3981,1
246,3980,1
247,3979,1
248,3978,1
249,3977,1
250,3976,1
251,3975,1
252,3974,1
253,3973,1
254,3972,1
255,3971,1
256,3970,1
257,3969,1
258,3968,1
259,3967,1
260,3966,1
261,3965,1
262,3964,1
263,3963,1
264,3962,1
265,3961,1
266,3960,1
267,3959,1
268,3958,1
269,3957,1
270,3956,1
271,3955,1
272,3954,1
273,3953,1
274,3952,1
275,3951,1
276,3950,1
277,3949,1
278,3948,1
279,3947,1
280,3946,1
281,3945,1
282,3944,1
283,3943,1
284,3942,1
285,3941,1
286,3940,1
287,3939,1
288,3938,1
289,3937,1
290,3936,1
291,3935,1
292,3934,1
293,3933,1
294,3932,1
295,3931,1
296,3930,1
297,3929,1
298,3928,1
299,3927,1
300,3926,1
301,3925,1
302,3924,1
303,3923,1
304,3922,1
305,3921,1
306,3920,1
307,3919,1
308,3918,1
309,3917,1
310,3916,1
311,3915,1
312,3914,1
313,3913,1
314,3912,1
315,3911,1
316,3910,1
317,3909,1
318,3908,1
319,3907,1
320,3906,1
321,3905,1
322,3904,1
323,3903,1
324,3902,1
325,3901,1
326,3900,1
327,3899,1
328,3898,1
329,3897,1
330,3896,1
331,3895,1
332,3894,1
333,3893,1
334,3892,1
335,3891,1
336,3890,1
337,3889,1
338,3888,1
339,3887,1
340,3886,1
341,3885,1
342,3884,1
343,3883,1
344,3882,1
345,3881,1
346,3880,1
347,3879,1
348,3878,1
349,3877,1
350,3876,1
351,3875,1
352,3874,1
353,3873,1
354,3872,1
355,3871,1
356,3870,1
357,3869,1
358,3868,1
359,3867,1
360,3866,1
361,3865,1
362,3864,1
363,3863,1
364,3862,1
365,3861,1
366,3860,1
367,3859,1
368,3858,1
369,3857,1
370,3856,1
371,3855,1
372,3854,1
373,3853,1
374,3852,1
375,3851,1
376,3850,1
377,3849,1
378,3848,1
379,3847,1
380,3846,1
381,3845,1
382,3844,1
383,3843,1
384,3842,1
385,3841,1
386,3840,1
387,3839,1
388,3838,1
389,3837,1
390,3836,1
391,3835,1
392,3834,1
393,3833,1
394,3832,1
395,3831,1
396,3830,1
397,3829,1
398,3828,1
399,3827,1
400,3826,1
401,3825,1
402,3824,1
403,3823,1
404,3822,1
405,3821,1
406,3820,1
407,3819,1
408,3818,1
409,3817,1
410,3816,1
411,3815,1
412,3814,1
413,3813,1
414,3812,1
415,3811,1
416,3810,1
417,3809,1
418,3808,1
419,3807,1
420,3806,1
421,3805,1
422,3804,1
423,3803,1
424,3802,1
425,3801,1
426,3800,1
427,3799,1
428,3798,1
429,3797,1
430,3796,1
431,3795,1
432,3794,1
433,3793,1
434,3792,1
435,3791,1
436,3790,1
437,3789,1
438,3788,1
439,3787,1
440,3786,1
441,3785,1
442,3784,1
443,3783,1
444,3782,1
445,3781,1
446,3780,1
447,3779,1
448,3778,1
449,3777,1
450,3776,1
451,3775,1
452,3774,1
453,3773,1
454,3772,1
455,3771,1
456,3770,1
457,3769,1
458,3768,1
459,3767,1
460,3766,1
461,3765,1
462,3764,1
463,3763,1
464,3762,1
465,3761,1
466,3760,1
467,3759,1
468,3758,1
469,3757,1
470,3756,1
471,3755,1
472,3754,1
473,3753,1
474,3752,1
475,3751,1
476,3750,1
477,3749,1
478,3748,1
479,3747,1
480,3746,1
481,3745,1
482,3744,1
483,3743,1
484,3742,1
485,3741,1
486,3740,1
487,3739,1
488,3738,1
489,3737,1
490,3736,1
491,3735,1
492,3734,1
493,3733,1
494,3732,1
495,3731,1
496,3730,1
497,3729,1
498,3728,1
499,3727,1
500,3726,1
501,3725,1
502,3724,1
503,3723,1
504,3722,1
505,3721,1
506,3720,1
507,3719,1
508,3718,1
509,3717,1
510,3716,1
511,3715,1
512,3714,1
513,3713,1
514,3712,1
515,3711,1
516,3710,1
517,3709,1
518,3708,1
519,3707,1
520,3706,1
521,3705,1
522,3704,1
523,3703,1
524,3702,1
525,3701,1
526,3700,1
527,3699,1
528,3698,1
529,3697,1
530,3696,1
531,3695,1
532,3694,1
533,3693,1
534,3692,1
535,3691,1
536,3690,1
537,3689,1
538,3688,1
539,3687,1
540,3686,1
541,3685,1
542,3684,1
543,3683,1
544,3682,1
545,3681,1
546,3680,1
547,3679,1
548,3678,1
549,3677,1
550,3676,1
551,3675,1
552,3674,1
553,3673,1
554,3672,1
555,3671,1
556,3670,1
557,3669,1
558,3668,1
559,3667,1
560,3666,1
561,3665,1
562,3664,1
563,3663,1
564,3662,1
565,3661,1
566,3660,1
567,3659,1
568,3658,1
569,3657,1
570,3656,1
571,3655,1
572,3654,1
573,3653,1
574,3652,1
575,3651,1
576,3650,1
577,3649,1
578,3648,1
579,3647,1
580,3646,1
581,3645,1
582,3644,1
583,3643,1
584,3642,1
585,3641,1
586,3640,1
587,3639,1
588,3638,1
589,3637,1
590,3636,1
591,3635,1
592,3634,1
593,3633,1
594,3632,1
595,3631,1
596,3630,1
597,3629,1
598,3628,1
599,3627,1
600,3626,1
601,3625,1
602,3624,1
603,3623,1
604,3622,1
605,3621,1
606,3620,1
607,3619,1
608,3618,1
609,3617,1
610,3616,1
611,3615,1
612,3614,1
613,3613,1
614,3612,1
615,3611,1
616,3610,1
617,3609,1
618,3608,1
619,3607,1
620,3606,1
621,3605,1
622,3604,1
623,3603,1
624,3602,1
625,3601,1
626,3600,1
627,3599,1
628,3598,1
629,3597,1
630,3596,1
631,3595,1
632,3594,1
633,3593,1
634,3592,1
635,3591,1
636,3590,1
637,3589,1
638,3588,1
639,3587,1
640,3586,1
641,3585,1
642,3584,1
643,3583,1
644,3582,1
645,3581,1
646,3580,1
647,3579,1
648,3578,1
649,3577,1
650,3576,1
651,3575,1
652,3574,1
653,3573,1
654,3572,1
655,3571,1
656,3570,1
657,3569,1
658,3568,1
659,3567,1
660,3566,1
661,3565,1
662,3564,1
663,3563,1
664,3562,1
665,3561,1
666,3560,1
667,3559,1
668,3558,1
669,3557,1
670,3556,1
671,3555,1
672,3554,1
673,3553,1
674,3552,1
675,3551,1
676,3550,1
677,3549,1
678,3548,1
679,3547,1
680,3546,1
681,3545,1
682,3544,1
683,3543,1
684,3542,1
685,3541,1
686,3540,1
687,3539,1
688,3538,1
689,3537,1
690,3536,1
691,3535,1
692,3534,1
693,3533,1
694,3532,1
695,3531,1
696,3530,1
697,3529,1
698,3528,1
699,3527,1
700,3526,1
701,3525,1
702,3524,1
703,3523,1
704,3522,1
705,3521,1
706,3520,1
707,3519,1
708,3518,1
709,3517,1
710,3516,1
711,3515,1
712,3514,1
713,3513,1
714,3512,1
715,3511,1
716,3510,1
717,3509,1
718,3508,1
719,3507,1
720,3506,1
721,3505,1
722,3504,1
723,3503,1
724,3502,1
725,3501,1
726,3500,1
727,3499,1
728,3498,1
729,3497,1
730,3496,1
731,3495,1
732,3494,1
733,3493,1
734,3492,1
735,3491,1
736,3490,1
737,3489,1
738,3488,1
739,3487,1
740,3486,1
741,3485,1
742,3484,1
743,3483,1
744,3482,1
745,3481,1
746,3480,1
747,3479,1
748,3478,1
749,3477,1
750,3476,1
751,3475,1
752,3474,1
753,3473,1
754,3472,1
755,3471,1
756,3470,1
757,3469,1
758,3468,1
759,3467,1
760,3466,1
761,3465,1
762,3464,1
763,3463,1
764,3462,1
765,3461,1
766,3460,1
767,3459,1
768,3458,1
769,3457,1
770,3456,1
771,3455,1
772,3454,1
773,3453,1
774,3452,1
775,3451,1
776,3450,1
777,3449,1
778,3448,1
779,3447,1
780,3446,1
781,3445,1
782,3444,1
783,3443,1
784,3442,1
785,3441,1
786,3440,1
787,3439,1
788,3438,1
789,3437,1
790,3436,1
791,3435,1
792,3434,1
793,3433,1
794,3432,1
795,3431,1
796,3430,1
797,3429,1
798,3428,1
799,3427,1
800,3426,1
801,3425,1
802,3424,1
803,3423,1
804,3422,1
805,3421,1
806,3420,1
807,3419,1
808,3418,1
809,3417,1
810,3416,1
811,3415,1
812,3414,1
813,3413,1
814,3412,1
815,3411,1
816,3410,1
817,3409,1
818,3408,1
819,3407,1
820,3406,1
821,3405,1
822,3404,1
823,3403,1
824,3402,1
825,3401,1
826,3400,1
827,3399,1
828,3398,1
829,3397,1
830,3396,1
831,3395,1
832,3394,1
833,3393,1
834,3392,1
835,3391,1
836,3390,1
837,3389,1
838,3388,1
839,3387,1
840,3386,1
841,3385,1
842,3384,1
843,3383,1
844,3382,1
845,3381,1
846,3380,1
847,3379,1
848,3378,1
849,3377,1
850,3376,1
851,3375,1
852,3374,1
853,3373,1
854,3372,1
855,3371,1
856,3370,1
857,3369,1
858,3368,1
859,3367,1
860,3366,1
861,3365,1
862,3364,1
863,3363,1
864,3362,1
865,3361,1
866,3360,1
867,3359,1
868,3358,1
869,3357,1
870,3356,1
871,3355,1
872,3354,1
873,3353,1
874,3352,1
875,3351,1
876,3350,1
877,3349,1
878,3348,1
879,3347,1
880,3346,1
881,3345,1
882,3344,1
883,3343,1
884,3342,1
885,3341,1
886,3340,1
887,3339,1
888,3338,1
889,3337,1
890,3336,1
891,3335,1
892,3334,1
893,3333,1
894,3332,1
895,3331,1
896,3330,1
897,3329,1
898,3328,1
899,3327,1
900,3326,1
901,3325,1
902,3324,1
903,3323,1
904,3322,1
905,3321,1
906,3320,1
907,3319,1
908,3318,1
909,3317,1
910,3316,1
911,3315,1
912,3314,1
913,3313,1
914,3312,1
915,3311,1
916,3310,1
917,3309,1
918,3308,1
919,3307,1
920,3306,1
921,3305,1
922,3304,1
923,3303,1
924,3302,1
925,3301,1
926,3300,1
927,3299,1
928,3298,1
929,3297,1
930,3296,1
931,3295,1
932,3294,1
933,3293,1
934,3292,1
935,3291,1
936,3290,1
937,3289,1
938,3288,1
939,3287,1
940,3286,1
941,3285,1
942,3284,1
943,3283,1
944,3282,1
945,3281,1
946,3280,1
947,3279,1
948,3278,1
949,3277,1
950,3276,1
951,3275,1
952,3274,1
953,3273,1
954,3272,1
955,3271,1
956,3270,1
957,3269,1
958,3268,1
959,3267,1
960,3266,1
961,3265,1
962,3264,1
963,3263,1
964,3262,1
965,3261,1
966,3260,1
967,3259,1
968,3258,1
969,3257,1
970,3256,1
971,3255,1
972,3254,1
973,3253,1
974,3252,1
975,3251,1
976,3250,1
977,3249,1
978,3248,1
979,3247,1
980,3246,1
981,3245,1
982,3244,1
983,3243,1
984,3242,1
985,3241,1
986,3240,1
987,3239,1
988,3238,1
989,3237,1
990,3236,1
991,3235,1
992,3234,1
993,3233,1
994,3232,1
995,3231,1
996,3230,1
997,3229,1
998,3228,1
999,3227,1
1000,3226,1
1001,3225,1
1002,3224,1
1003,3223,1
1004,3222,1
1005,3221,1
1006,3220,1
1007,3219,1
1008,3218,1
1009,3217,1
1010,3216,1
1011,3215,1
1012,3214,1
1013,3213,1
1014,3212,1
1015,3211,1
1016,3210,1
1017,3209,1
1018,3208,1
1019,3207,1
1020,3206,1
1021,3205,1
1022,3204,1
1023,3203,1
1024,3202,1
1025,3201,1
1026,3200,1
1027,3199,1
1028,3198,1
1029,3197,1
1030,3196,1
1031,3195,1
1032,3194,1
1033,3193,1
1034,3192,1
1035,3191,1
1036,3190,1
1037,3189,1
1038,3188,1
1039,3187,1
1040,3186,1
1041,3185,1
1042,3184,1
1043,3183,1
1044,3182,1
1045,3181,1
1046,3180,1
1047,3179,1
1048,3178,1
1049,3177,1
1050,3176,1
1051,3175,1
1052,3174,1
1053,3173,1
1054,3172,1
1055,3171,1
1056,3170,1
1057,3169,1
1058,3168,1
1059,3167,1
1060,3166,1
1061,3165,1
1062,3164,1
1063,3163,1
1064,3162,1
1065,3161,1
1066,3160,1
1067,3159,1
1068,3158,1
1069,3157,1
1070,3156,1
1071,3155,1
1072,3154,1
1073,3153,1
1074,3152,1
1075,3151,1
1076,3150,1
1077,3149,1
1078,3148,1
1079,3147,1
1080,3146,1
1081,3145,1
1082,3144,1
1083,3143,1
1084,3142,1
1085,3141,1
1086,3140,1
1087,3139,1
1088,3138,1
1089,3137,1
1090,3136,1
1091,3135,1
1092,3134,1
1093,3133,1
1094,3132,1
1095,3131,1
1096,3130,1
1097,3129,1
1098,3128,1
1099,3127,1
1100,3126,1
1101,3125,1
1102,3124,1
1103,3123,1
1104,3122,1
1105,3121,1
1106,3120,1
1107,3119,1
1108,3118,1
1109,3117,1
1110,3116,1
1111,3115,1
1112,3114,1
1113,3113,1
1114,3112,1
1115,3111,1
1116,3110,1
1117,3109,1
1118,3108,1
1119,3107,1
1120,3106,1
1121,3105,1
1122,3104,1
1123,3103,1
1124,3102,1
1125,3101,1
1126,3100,1
1127,3099,1
1128,3098,1
1129,3097,1
1130,3096,1
1131,3095,1
1132,3094,1
1133,3093,1
1134,3092,1
1135,3091,1
1136,3090,1
1137,3089,1
1138,3088,1
1139,3087,1
1140,3086,1
1141,3085,1
1142,3084,1
1143,3083,1
1144,3082,1
1145,3081,1
1146,3080,1
1147,3079,1
1148,3078,1
1149,3077,1
1150,3076,1
1151,3075,1
1152,3074,1
1153,3073,1
1154,3072,1
1155,3071,1
1156,3070,1
1157,3069,1
1158,3068,1
1159,3067,1
1160,3066,1
1161,3065,1
1162,3064,1
1163,3063,1
1164,3062,1
1165,3061,1
1166,3060,1
1167,3059,1
1168,3058,1
1169,3057,1
1170,3056,1
1171,3055,1
1172,3054,1
1173,3053,1
1174,3052,1
1175,3051,1
1176,3050,1
1177,3049,1
1178,3048,1
1179,3047,1
1180,3046,1
1181,3045,1
1182,3044,1
1183,3043,1
1184,3042,1
1185,3041,1
1186,3040,1
1187,3039,1
1188,3038,1
1189,3037,1
1190,3036,1
1191,3035,1
1192,3034,1
1193,3033,1
1194,3032,1
1195,3031,1
1196,3030,1
1197,3029,1
1198,3028,1
1199,3027,1
1200,3026,1
1201,3025,1
1202,3024,1
1203,3023,1
1204,3022,1
1205,3021,1
1206,3020,1
1207,3019,1
1208,3018,1
1209,3017,1
1210,3016,1
1211,3015,1
1212,3014,1
1213,3013,1
1214,3012,1
1215,3011,1
1216,3010,1
1217,3009,1
1218,3008,1
1219,3007,1
1220,3006,1
1221,3005,1
1222,3004,1
1223,3003,1
1224,3002,1
1225,3001,1
1226,3000,1
1227,2999,1
1228,2998,1
1229,2997,1
1230,2996,1
1231,2995,1
1232,2994,1
1233,2993,1
1234,2992,1
1235,2991,1
1236,2990,1
1237,2989,1
1238,2988,1
1239,2987,1
1240,2986,1
1241,2985,1
1242,2984,1
1243,2983,1
1244,2982,1
1245,2981,1
1246,2980,1
1247,2979,1
1248,2978,1
1249,2977,1
1250,2976,1
1251,2975,1
1252,2974,1
1253,2973,1
1254,2972,1
1255,2971,1
1256,2970,1
1257,2969,1
1258,2968,1
1259,2967,1
1260,2966,1
1261,2965,1
1262,2964,1
1263,2963,1
1264,2962,1
1265,2961,1
1266,2960,1
1267,2959,1
1268,2958,1
1269,2957,1
1270,2956,1
1271,2955,1
1272,2954,1
1273,2953,1
1274,2952,1
1275,2951,1
1276,2950,1
1277,2949,1
1278,2948,1
1279,2947,1
1280,2946,1
1281,2945,1
1282,2944,1
1283,2943,1
1284,2942,1
1285,2941,1
1286,2940,1
1287,2939,1
1288,2938,1
1289,2937,1
1290,2936,1
1291,2935,1
1292,2934,1
1293,2933,1
1294,2932,1
1295,2931,1
1296,2930,1
1297,2929,1
1298,2928,1
1299,2927,1
1300,2926,1
1301,2925,1
1302,2924,1
1303,2923,1
1304,2922,1
1305,2921,1
1306,2920,1
1307,2919,1
1308,2918,1
1309,2917,1
1310,2916,1
1311,2915,1
1312,2914,1
1313,2913,1
1314,2912,1
1315,2911,1
1316,2910,1
1317,2909,1
1318,2908,1
1319,2907,1
1320,2906,1
1321,2905,1
1322,2904,1
1323,2903,1
1324,2902,1
1325,2901,1
1326,2900,1
1327,2899,1
1328,2898,1
1329,2897,1
1330,2896,1
1331,2895,1
1332,2894,1
1333,2893,1
1334,2892,1
1335,2891,1
1336,2890,1
1337,2889,1
1338,2888,1
1339,2887,1
1340,2886,1
1341,2885,1
1342,2884,1
1343,2883,1
1344,2882,1
1345,2881,1
1346,2880,1
1347,2879,1
1348,2878,1
1349,2877,1
1350,2876,1
1351,2875,1
1352,2874,1
1353,2873,1
1354,2872,1
1355,2871,1
1356,2870,1
1357,2869,1
1358,2868,1
1359,2867,1
1360,2866,1
1361,2865,1
1362,2864,1
1363,2863,1
1364,2862,1
1365,2861,1
1366,2860,1
1367,2859,1
1368,2858,1
1369,2857,1
1370,2856,1
1371,2855,1
1372,2854,1
1373,2853,1
1374,2852,1
1375,2851,1
1376,2850,1
1377,2849,1
1378,2848,1
1379,2847,1
1380,2846,1
1381,2845,1
1382,2844,1
1383,2843,1
1384,2842,1
1385,2841,1
1386,2840,1
1387,2839,1
1388,2838,1
1389,2837,1
1390,2836,1
1391,2835,1
1392,2834,1
1393,2833,1
1394,2832,1
1395,2831,1
1396,2830,1
1397,2829,1
1398,2828,1
1399,2827,1
1400,2826,1
1401,2825,1
1402,2824,1
1403,2823,1
1404,2822,1
1405,2821,1
1406,2820,1
1407,2819,1
1408,2818,1
1409,2817,1
1410,2816,1
1411,2815,1
1412,2814,1
1413,2813,1
1414,2812,1
1415,2811,1
1416,2810,1
1417,2809,1
1418,2808,1
1419,2807,1
1420,2806,1
1421,2805,1
1422,2804,1
1423,2803,1
1424,2802,1
1425,2801,1
1426,2800,1
1427,2799,1
1428,2798,1
1429,2797,1
1430,2796,1
1431,2795,1
1432,2794,1
1433,2793,1
1434,2792,1
1435,2791,1
1436,2790,1
1437,2789,1
1438,2788,1
1439,2787,1
1440,2786,1
1441,2785,1
1442,2784,1
1443,2783,1
1444,2782,1
1445,2781,1
1446,2780,1
1447,2779,1
1448,2778,1
1449,2777,1
1450,2776,1
1451,2775,1
1452,2774,1
1453,2773,1
1454,2772,1
1455,2771,1
1456,2770,1
1457,2769,1
1458,2768,1
1459,2767,1
1460,2766,1
1461,2765,1
1462,2764,1
1463,2763,1
1464,2762,1
1465,2761,1
1466,2760,1
1467,2759,1
1468,2758,1
1469,2757,1
1470,2756,1
1471,2755,1
1472,2753,1
1473,2752,1
1474,2751,1
1475,2750,1
1476,2749,1
1477,2748,1
1478,2747,1
1479,2746,1
1480,2745,1
1481,2744,1
1482,2743,1
1483,2742,1
1484,2741,1
1485,2740,1
1486,2739,1
1487,2738,1
1488,2737,1
1489,2736,1
1490,2735,1
1491,2734,1
1492,2733,1
1493,2732,1
1494,2731,1
1495,2730,1
1496,2729,1
1497,2728,1
1498,2727,1
1499,2726,1
1500,2725,1
1501,2724,1
1502,2723,1
1503,2722,1
1504,2721,1
1505,2720,1
1506,2719,1
1507,2718,1
1508,2717,1
1509,2716,1
1510,2715,1
1511,2714,1
1512,2713,1
1513,2712,1
1514,2711,1
1515,2710,1
1516,2709,1
1517,2708,1
1518,2707,1
1519,2706,1
1520,2705,1
1521,2704,1
1522,2703,1
1523,2702,1
1524,2701,1
1525,2700,1
1526,2699,1
1527,2698,1
1528,2697,1
1529,2696,1
1530,2695,1
1531,2694,1
1532,2693,1
1533,2692,1
1534,2691,1
1535,2690,1
1536,2689,1
1537,2688,1
1538,2687,1
1539,2686,1
1540,2685,1
1541,2684,1
1542,2683,1
1543,2682,1
1544,2681,1
1545,2680,1
1546,2679,1
1547,2678,1
1548,2677,1
1549,2676,1
1550,2675,1
1551,2674,1
1552,2673,1
1553,2672,1
1554,2671,1
1555,2670,1
1556,2669,1
1557,2668,1
1558,2667,1
1559,2666,1
1560,2665,1
1561,2664,1
1562,2663,1
1563,2662,1
1564,2661,1
1565,2660,1
1566,2659,1
1567,2658,1
1568,2657,1
1569,2656,1
1570,2655,1
1571,2654,1
1572,2653,1
1573,2652,1
1574,2651,1
1575,2650,1
1576,2649,1
1577,2648,1
1578,2647,1
1579,2646,1
1580,2645,1
1581,2644,1
1582,2643,1
1583,2642,1
1584,2641,1
1585,2640,1
1586,2639,1
1587,2638,1
1588,2637,1
1589,2636,1
1590,2635,1
1591,2634,1
1592,2633,1
1593,2632,1
1594,2631,1
1595,2630,1
1596,2629,1
1597,2628,1
1598,2627,1
1599,2626,1
1600,2625,1
1601,2624,1
1602,2623,1
1603,2622,1
1604,2621,1
1605,2620,1
1606,2619,1
1607,2618,1
1608,2617,1
1609,2616,1
1610,2615,1
1611,2614,1
1612,2613,1
1613,2612,1
1614,2611,1
1615,2610,1
1616,2609,1
1617,2608,1
1618,2607,1
1619,2606,1
1620,2605,1
1621,2604,1
1622,2603,1
1623,2602,1
1624,2601,1
1625,2600,1
1626,2599,1
1627,2598,1
1628,2597,1
1629,2596,1
1630,2595,1
1631,2594,1
1632,2593,1
1633,2592,1
1634,2591,1
1635,2590,1
1636,2589,1
1637,2588,1
1638,2587,1
1639,2586,1
1640,2585,1
1641,2584,1
1642,2583,1
1643,2582,1
1644,2581,1
1645,2580,1
1646,2579,1
1647,2578,1
1648,2577,1
1649,2576,1
1650,2575,1
1651,2574,1
1652,2573,1
1653,2572,1
1654,2571,1
1655,2570,1
1656,2569,1
1657,2568,1
1658,2567,1
1659,2566,1
1660,2565,1
1661,2564,1
1662,2563,1
1663,2562,1
1664,2561,1
1665,2560,1
1666,2559,1
1667,2558,1
1668,2557,1
1669,2556,1
1670,2555,1
1671,2554,1
1672,2553,1
1673,2552,1
1674,2551,1
1675,2550,1
1676,2549,1
1677,2548,1
1678,2547,1
1679,2546,1
1680,2545,1
1681,2544,1
1682,2543,1
1683,2542,1
1684,2541,1
1685,2540,1
1686,2539,1
1687,2538,1
1688,2537,1
1689,2536,1
1690,2535,1
1691,2534,1
1692,2533,1
1693,2532,1
1694,2531,1
1695,2530,1
1696,2529,1
1697,2528,1
1698,2527,1
1699,2526,1
1700,2525,1
1701,2524,1
1702,2523,1
1703,2522,1
1704,2521,1
1705,2520,1
1706,2519,1
1707,2518,1
1708,2517,1
1709,2516,1
1710,2515,1
1711,2514,1
1712,2513,1
1713,2512,1
1714,2511,1
1715,2510,1
1716,2509,1
1717,2508,1
1718,2507,1
1719,2506,1
1720,2505,1
1721,2504,1
1722,2503,1
1723,2502,1
1724,2501,1
1725,2500,1
1726,2499,1
1727,2498,1
1728,2497,1
1729,2496,1
1730,2495,1
1731,2494,1
1732,2493,1
1733,2492,1
1734,2491,1
1735,2490,1
1736,2489,1
1737,2488,1
1738,2487,1
1739,2486,1
1740,2485,1
1741,2484,1
1742,2483,1
1743,2482,1
1744,2481,1
1745,2480,1
1746,2479,1
1747,2478,1
1748,2477,1
1749,2476,1
1750,2475,1
1751,2474,1
1752,2473,1
1753,2472,1
1754,2471,1
1755,2470,1
1756,2469,1
1757,2468,1
1758,2467,1
1759,2466,1
1760,2465,1
1761,2464,1
1762,2463,1
1763,2462,1
1764,2461,1
1765,2460,1
1766,2459,1
1767,2458,1
1768,2457,1
1769,2456,1
1770,2455,1
1771,2454,1
1772,2453,1
1773,2452,1
1774,2451,1
1775,2450,1
1776,2449,1
1777,2448,1
1778,2447,1
1779,2446,1
1780,2445,1
1781,2444,1
1782,2443,1
1783,2442,1
1784,2441,1
1785,2440,1
1786,2439,1
1787,2438,1
1788,2437,1
1789,2436,1
1790,2435,1
1791,2434,1
1792,2433,1
1793,2432,1
1794,2431,1
1795,2430,1
1796,2429,1
1797,2428,1
1798,2427,1
1799,2426,1
1800,2425,1
1801,2424,1
1802,2423,1
1803,2422,1
1804,2421,1
1805,2420,1
1806,2419,1
1807,2418,1
1808,2417,1
1809,2416,1
1810,2415,1
1811,2414,1
1812,2413,1
1813,2412,1
1814,2411,1
1815,2410,1
1816,2409,1
1817,2408,1
1818,2407,1
1819,2406,1
1820,2405,1
1821,2404,1
1822,2403,1
1823,2402,1
1824,2401,1
1825,2400,1
1826,2399,1
1827,2398,1
1828,2397,1
1829,2396,1
1830,2395,1
1831,2394,1
1832,2393,1
1833,2392,1
1834,2391,1
1835,2390,1
1836,2389,1
1837,2388,1
1838,2387,1
1839,2386,1
1840,2385,1
1841,2384,1
1842,2383,1
1843,2382,1
1844,2381,1
1845,2380,1
1846,2379,1
1847,2378,1
1848,2377,1
1849,2376,1
1850,2375,1
1851,2374,1
1852,2373,1
1853,2372,1
1854,2371,1
1855,2370,1
1856,2369,1
1857,2368,1
1858,2367,1
1859,2366,1
1860,2365,1
1861,2364,1
1862,2363,1
1863,2362,1
1864,2361,1
1865,2360,1
1866,2359,1
1867,2358,1
1868,2357,1
1869,2356,1
1870,2355,1
1871,2354,1
1872,2353,1
1873,2352,1
1874,2351,1
1875,2350,1
1876,2349,1
1877,2348,1
1878,2347,1
1879,2346,1
1880,2345,1
1881,2344,1
1882,2343,1
1883,2342,1
1884,2341,1
1885,2340,1
1886,2339,1
1887,2338,1
1888,2337,1
1889,2336,1
1890,2335,1
1891,2334,1
1892,2333,1
1893,2332,1
1894,2331,1
1895,2330,1
1896,2329,1
1897,2328,1
1898,2327,1
1899,2326,1
1900,2325,1
1901,2324,1
1902,2323,1
1903,2322,1
1904,2321,1
1905,2320,1
1906,2319,1
1907,2318,1
1908,2317,1
1909,2316,1
1910,2315,1
1911,2314,1
1912,2313,1
1913,2312,1
1914,2311,1
1915,2310,1
1916,2309,1
1917,2308,1
1918,2307,1
1919,2306,1
1920,2305,1
1921,2304,1
1922,2303,1
1923,2302,1
1924,2301,1
1925,2300,1
1926,2299,1
1927,2298,1
1928,2297,1
1929,2296,1
1930,2295,1
1931,2294,1
1932,2293,1
1933,2292,1
1934,2291,1
1935,2290,1
1936,2289,1
1937,2288,1
1938,2287,1
1939,2286,1
1940,2285,1
1941,2284,1
1942,2283,1
1943,2282,1
1944,2281,1
1945,2280,1
1946,2279,1
1947,2278,1
1948,2277,1
1949,2276,1
1950,2275,1
1951,2274,1
1952,2273,1
1953,2272,1
1954,2271,1
1955,2270,1
1956,2269,1
1957,2268,1
1958,2267,1
1959,2266,1
1960,2265,1
1961,2264,1
1962,2263,1
1963,2262,1
1964,2261,1
1965,2260,1
1966,2259,1
1967,2258,1
1968,2257,1
1969,2256,1
1970,2255,1
1971,2254,1
1972,2253,1
1973,2252,1
1974,2251,1
1975,2250,1
1976,2249,1
1977,2248,1
1978,2247,1
1979,2246,1
1980,2245,1
1981,2244,1
1982,2243,1
1983,2242,1
1984,2241,1
1985,2240,1
1986,2239,1
1987,2238,1
1988,2237,1
1989,2236,1
1990,2235,1
1991,2234,1
1992,2233,1
1993,2232,1
1994,2231,1
1995,2230,1
1996,2229,1
1997,2228,1
1998,2227,1
1999,2226,1
2000,2225,1
2001,2224,1
2002,2223,1
2003,2222,1
2004,2221,1
2005,2220,1
2006,2219,1
2007,2218,1
2008,2217,1
2009,2216,1
2010,2215,1
2011,2214,1
2012,2213,1
2013,2212,1
2014,2211,1
2015,2210,1
2016,2209,1
2017,2208,1
2018,2207,1
2019,2206,1
2020,2205,1
2021,2204,1
2022,2203,1
2023,2202,1
2024,2201,1
2025,2200,1
2026,2199,1
2027,2198,1
2028,2197,1
2029,2196,1
2030,2195,1
2031,2194,1
2032,2193,1
2033,2192,1
2034,2191,1
2035,2190,1
2036,2189,1
2037,2188,1
2038,2187,1
2039,2186,1
2040,2185,1
2041,2184,1
2042,2183,1
2043,2182,1
2044,2181,1
2045,2180,1
2046,2179,1
2047,2178,1
2048,2177,1
2049,2176,1
2050,2175,1
2051,2174,1
2052,2173,1
2053,2172,1
2054,2171,1
2055,2170,1
2056,2169,1
2057,2168,1
2058,2167,1
2059,2166,1
2060,2165,1
2061,2164,1
2062,2163,1
2063,2162,1
2064,2161,1
2065,2160,1
2066,2159,1
2067,2158,1
2068,2157,1
2069,2156,1
2070,2155,1
2071,2154,1
2072,2153,1
2073,2152,1
2074,2151,1
2075,2150,1
2076,2149,1
2077,2148,1
2078,2147,1
2079,2146,1
2080,2145,1
2081,2144,1
2082,2143,1
2083,2142,1
2084,2141,1
2085,2140,1
2086,2139,1
2087,2138,1
2088,2137,1
2089,2136,1
2090,2135,1
2091,2134,1
2092,2133,1
2093,2132,1
2094,2131,1
2095,2130,1
2096,2129,1
2097,2128,1
2098,2127,1
2099,2126,1
2100,2125,1
2101,2124,1
2102,2123,1
2103,2122,1
2104,2121,1
2105,2120,1
2106,2119,1
2107,2118,1
2108,2117,1
2109,2116,1
2110,2115,1
2111,2114,1
2112,2113,1
2113,2112,1
2114,2111,1
2115,2110,1
2116,2109,1
2117,2108,1
2118,2107,1
2119,2106,1
2120,2105,1
2121,2104,1
2122,2103,1
2123,2102,1
2124,2101,1
2125,2100,1
2126,2099,1
2127,2098,1
2128,2097,1
2129,2096,1
2130,2095,1
2131,2094,1
2132,2093,1
2133,2092,1
2134,2091,1
2135,2090,1
2136,2089,1
2137,2088,1
2138,2087,1
2139,2086,1
2140,2085,1
2141,2084,1
2142,2083,1
2143,2082,1
2144,2081,1
2145,2080,1
2146,2079,1
2147,2078,1
2148,2077,1
2149,2076,1
2150,2075,1
2151,2074,1
2152,2073,1
2153,2072,1
2154,2071,1
2155,2070,1
2156,2069,1
2157,2068,1
2158,2067,1
2159,2066,1
2160,2065,1
2161,2064,1
2162,2063,1
2163,2062,1
2164,2061,1
2165,2060,1
2166,2059,1
2167,2058,1
2168,2057,1
2169,2056,1
2170,2055,1
2171,2054,1
2172,2053,1
2173,2052,1
2174,2051,1
2175,2050,1
2176,2049,1
2177,2048,1
2178,2047,1
2179,2046,1
2180,2045,1
2181,2044,1
2182,2043,1
2183,2042,1
2184,2041,1
2185,2040,1
2186,2039,1
2187,2038,1
2188,2037,1
2189,2036,1
2190,2035,1
2191,2034,1
2192,2033,1
2193,2032,1
2194,2031,1
2195,2030,1
2196,2029,1
2197,2028,1
2198,2027,1
2199,2026,1
2200,2025,1
2201,2024,1
2202,2023,1
2203,2022,1
2204,2021,1
2205,2020,1
2206,2019,1
2207,2018,1
2208,2017,1
2209,2016,1
2210,2015,1
2211,2014,1
2212,2013,1
2213,2012,1
2214,2011,1
2215,2010,1
2216,2009,1
2217,2008,1
2218,2007,1
2219,2006,1
2220,2005,1
2221,2004,1
2222,2003,1
2223,2002,1
2224,2001,1
2225,2000,1
2226,1999,1
2227,1998,1
2228,1997,1
2229,1996,1
2230,1995,1
2231,1994,1
2232,1993,1
2233,1992,1
2234,1991,1
2235,1990,1
2236,1989,1
2237,1988,1
2238,1987,1
2239,1986,1
2240,1985,1
2241,1984,1
2242,1983,1
2243,1982,1
2244,1981,1
2245,1980,1
2246,1979,1
2247,1978,1
2248,1977,1
2249,1976,1
2250,1975,1
2251,1974,1
2252,1973,1
2253,1972,1
2254,1971,1
2255,1970,1
2256,1969,1
2257,1968,1
2258,1967,1
2259,1966,1
2260,1965,1
2261,1964,1
2262,1963,1
2263,1962,1
2264,1961,1
2265,1960,1
2266,1959,1
2267,1958,1
2268,1957,1
2269,1956,1
2270,1955,1
2271,1954,1
2272,1953,1
2273,1952,1
2274,1951,1
2275,1950,1
2276,1949,1
2277,1948,1
2278,1947,1
2279,1946,1
2280,1945,1
2281,1944,1
2282,1943,1
2283,1942,1
2284,1941,1
2285,1940,1
2286,1939,1
2287,1938,1
2288,1937,1
2289,1936,1
2290,1935,1
2291,1934,1
2292,1933,1
2293,1932,1
2294,1931,1
2295,1930,1
2296,1929,1
2297,1928,1
2298,1927,1
2299,1926,1
2300,1925,1
2301,1924,1
2302,1923,1
2303,1922,1
2304,1921,1
2305,1920,1
2306,1919,1
2307,1918,1
2308,1917,1
2309,1916,1
2310,1915,1
2311,1914,1
2312,1913,1
2313,1912,1
2314,1911,1
2315,1910,1
2316,1909,1
2317,1908,1
2318,1907,1
2319,1906,1
2320,1905,1
2321,1904,1
2322,1903,1
2323,1902,1
2324,1901,1
2325,1900,1
2326,1899,1
2327,1898,1
2328,1897,1
2329,1896,1
2330,1895,1
2331,1894,1
2332,1893,1
2333,1892,1
2334,1891,1
2335,1890,1
2336,1889,1
2337,1888,1
2338,1887,1
2339,1886,1
2340,1885,1
2341,1884,1
2342,1883,1
2343,1882,1
2344,1881,1
2345,1880,1
2346,1879,1
2347,1878,1
2348,1877,1
2349,1876,1
2350,1875,1
2351,1874,1
2352,1873,1
2353,1872,1
2354,1871,1
2355,1870,1
2356,1869,1
2357,1868,1
2358,1867,1
2359,1866,1
2360,1865,1
2361,1864,1
2362,1863,1
2363,1862,1
2364,1861,1
2365,1860,1
2366,1859,1
2367,1858,1
2368,1857,1
2369,1856,1
2370,1855,1
2371,1854,1
2372,1853,1
2373,1852,1
2374,1851,1
2375,1850,1
2376,1849,1
2377,1848,1
2378,1847,1
2379,1846,1
2380,1845,1
2381,1844,1
2382,1843,1
2383,1842,1
2384,1841,1
2385,1840,1
2386,1839,1
2387,1838,1
2388,1837,1
2389,1836,1
2390,1835,1
2391,1834,1
2392,1833,1
2393,1832,1
2394,1831,1
2395,1830,1
2396,1829,1
2397,1828,1
2398,1827,1
2399,1826,1
2400,1825,1
2401,1824,1
2402,1823,1
2403,1822,1
2404,1821,1
2405,1820,1
2406,1819,1
2407,1818,1
2408,1817,1
2409,1816,1
2410,1815,1
2411,1814,1
2412,1813,1
2413,1812,1
2414,1811,1
2415,1810,1
2416,1809,1
2417,1808,1
2418,1807,1
2419,1806,1
2420,1805,1
2421,1804,1
2422,1803,1
2423,1802,1
2424,1801,1
2425,1800,1
2426,1799,1
2427,1798,1
2428,1797,1
2429,1796,1
2430,1795,1
2431,1794,1
2432,1793,1
2433,1792,1
2434,1791,1
2435,1790,1
2436,1789,1
2437,1788,1
2438,1787,1
2439,1786,1
2440,1785,1
2441,1784,1
2442,1783,1
2443,1782,1
2444,1781,1
2445,1780,1
2446,1779,1
2447,1778,1
2448,1777,1
2449,1776,1
2450,1775,1
2451,1774,1
2452,1773,1
2453,1772,1
2454,1771,1
2455,1770,1
2456,1769,1
2457,1768,1
2458,1767,1
2459,1766,1
2460,1765,1
2461,1764,1
2462,1763,1
2463,1762,1
2464,1761,1
2465,1760,1
2466,1759,1
2467,1758,1
2468,1757,1
2469,1756,1
2470,1755,1
2471,1754,1
2472,1753,1
2473,1752,1
2474,1751,1
2475,1750,1
2476,1749,1
2477,1748,1
2478,1747,1
2479,1746,1
2480,1745,1
2481,1744,1
2482,1743,1
2483,1742,1
2484,1741,1
2485,1740,1
2486,1739,1
2487,1738,1
2488,1737,1
2489,1736,1
2490,1735,1
2491,1734,1
2492,1733,1
2493,1732,1
2494,1731,1
2495,1730,1
2496,1729,1
2497,1728,1
2498,1727,1
2499,1726,1
2500,1725,1
2501,1724,1
2502,1723,1
2503,1722,1
2504,1721,1
2505,1720,1
2506,1719,1
2507,1718,1
2508,1717,1
2509,1716,1
2510,1715,1
2511,1714,1
2512,1713,1
2513,1712,1
2514,1711,1
2515,1710,1
2516,1709,1
2517,1708,1
2518,1707,1
2519,1706,1
2520,1705,1
2521,1704,1
2522,1703,1
2523,1702,1
2524,1701,1
2525,1700,1
2526,1699,1
2527,1698,1
2528,1697,1
2529,1696,1
2530,1695,1
2531,1694,1
2532,1693,1
2533,1692,1
2534,1691,1
2535,1690,1
2536,1689,1
2537,1688,1
2538,1687,1
2539,1686,1
2540,1685,1
2541,1684,1
2542,1683,1
2543,1682,1
2544,1681,1
2545,1680,1
2546,1679,1
2547,1678,1
2548,1677,1
2549,1676,1
2550,1675,1
2551,1674,1
2552,1673,1
2553,1672,1
2554,1671,1
2555,1670,1
2556,1669,1
2557,1668,1
2558,1667,1
2559,1666,1
2560,1665,1
2561,1664,1
2562,1663,1
2563,1662,1
2564,1661,1
2565,1660,1
2566,1659,1
2567,1658,1
2568,1657,1
2569,1656,1
2570,1655,1
2571,1654,1
2572,1653,1
2573,1652,1
2574,1651,1
2575,1650,1
2576,1649,1
2577,1648,1
2578,1647,1
2579,1646,1
2580,1645,1
2581,1644,1
2582,1643,1
2583,1642,1
2584,1641,1
2585,1640,1
2586,1639,1
2587,1638,1
2588,1637,1
2589,1636,1
2590,1635,1
2591,1634,1
2592,1633,1
2593,1632,1
2594,1631,1
2595,1630,1
2596,1629,1
2597,1628,1
2598,1627,1
2599,1626,1
2600,1625,1
2601,1624,1
2602,1623,1
2603,1622,1
2604,1621,1
2605,1620,1
2606,1619,1
2607,1618,1
2608,1617,1
2609,1616,1
2610,1615,1
2611,1614,1
2612,1613,1
2613,1612,1
2614,1611,1
2615,1610,1
2616,1609,1
2617,1608,1
2618,1607,1
2619,1606,1
2620,1605,1
2621,1604,1
2622,1603,1
2623,1602,1
2624,1601,1
2625,1600,1
2626,1599,1
2627,1598,1
2628,1597,1
2629,1596,1
2630,1595,1
2631,1594,1
2632,1593,1
2633,1592,1
2634,1591,1
2635,1590,1
2636,1589,1
2637,1588,1
2638,1587,1
2639,1586,1
2640,1585,1
2641,1584,1
2642,1583,1
2643,1582,1
2644,1581,1
2645,1580,1
2646,1579,1
2647,1578,1
2648,1577,1
2649,1576,1
2650,1575,1
2651,1574,1
2652,1573,1
2653,1572,1
2654,1571,1
2655,1570,1
2656,1569,1
2657,1568,1
2658,1567,1
2659,1566,1
2660,1565,1
2661,1564,1
2662,1563,1
2663,1562,1
2664,1561,1
2665,1560,1
2666,1559,1
2667,1558,1
2668,1557,1
2669,1556,1
2670,1555,1
2671,1554,1
2672,1553,1
2673,1552,1
2674,1551,1
2675,1550,1
2676,1549,1
2677,1548,1
2678,1547,1
2679,1546,1
2680,1545,1
2681,1544,1
2682,1543,1
2683,1542,1
2684,1541,1
2685,1540,1
2686,1539,1
2687,1538,1
2688,1537,1
2689,1536,1
2690,1535,1
2691,1534,1
2692,1533,1
2693,1532,1
2694,1531,1
2695,1530,1
2696,1529,1
2697,1528,1
2698,1527,1
2699,1526,1
2700,1525,1
2701,1524,1
2702,1523,1
2703,1522,1
2704,1521,1
2705,1520,1
2706,1519,1
2707,1518,1
2708,1517,1
2709,1516,1
2710,1515,1
2711,1514,1
2712,1513,1
2713,1512,1
2714,1511,1
2715,1510,1
2716,1509,1
2717,1508,1
2718,1507,1
2719,1506,1
2720,1505,1
2721,1504,1
2722,1503,1
2723,1502,1
2724,1501,1
2725,1500,1
2726,1499,1
2727,1498,1
2728,1497,1
2729,1496,1
2730,1495,1
2731,1494,1
2732,1493,1
2733,1492,1
2734,1491,1
2735,1490,1
2736,1489,1
2737,1488,1
2738,1487,1
2739,1486,1
2740,1485,1
2741,1484,1
2742,1483,1
2743,1482,1
2744,1481,1
2745,1480,1
2746,1479,1
2747,1478,1
2748,1477,1
2749,1476,1
2750,1475,1
2751,1474,1
2752,1473,1
2753,1472,1
2754,1471,1
2755,1470,1
2756,1469,1
2757,1468,1
2758,1467,1
2759,1466,1
2760,1465,1
2761,1464,1
2762,1463,1
2763,1462,1
2764,1461,1
2765,1460,1
2766,1459,1
2767,1458,1
2768,1457,1
2769,1456,1
2770,1455,1
2771,1454,1
2772,1453,1
2773,1452,1
2774,1451,1
2775,1450,1
2776,1449,1
2777,1448,1
2778,1447,1
2779,1446,1
2780,1445,1
2781,1444,1
2782,1443,1
2783,1442,1
2784,1441,1
2785,1440,1
2786,1439,1
2787,1438,1
2788,1437,1
2789,1436,1
2790,1435,1
2791,1434,1
2792,1433,1
2793,1432,1
2794,1431,1
2795,1430,1
2796,1429,1
2797,1428,1
2798,1427,1
2799,1426,1
2800,1425,1
2801,1424,1
2802,1423,1
2803,1422,1
2804,1421,1
2805,1420,1
2806,1419,1
2807,1418,1
2808,1417,1
2809,1416,1
2810,1415,1
2811,1414,1
2812,1413,1
2813,1412,1
2814,1411,1
2815,1410,1
2816,1409,1
2817,1408,1
2818,1407,1
2819,1406,1
2820,1407,1
2821,1406,1
2822,1405,1
2823,1404,1
2824,1403,1
2825,1402,1
2826,1401,1
2827,1400,1
2828,1399,1
2829,1398,1
2830,1397,1
2831,1396,1
2832,1395,1
2833,1394,1
2834,1393,1
2835,1392,1
2836,1391,1
2837,1390,1
2838,1389,1
2839,1388,1
2840,1387,1
2841,1386,1
2842,1385,1
2843,1384,1
2844,1383,1
2845,1382,1
2846,1381,1
2847,1380,1
2848,1379,1
2849,1378,1
2850,1377,1
2851,1376,1
2852,1375,1
2853,1374,1
2854,1373,1
2855,1372,1
2856,1371,1
2857,1370,1
2858,1369,1
2859,1368,1
2860,1367,1
2861,1366,1
2862,1365,1
2863,1364,1
2864,1363,1
2865,1362,1
2866,1361,1
2867,1360,1
2868,1359,1
2869,1358,1
2870,1357,1
2871,1356,1
2872,1355,1
2873,1354,1
2874,1353,1
2875,1352,1
2876,1351,1
2877,1350,1
2878,1349,1
2879,1348,1
2880,1347,1
2881,1346,1
2882,1345,1
2883,1344,1
2884,1343,1
2885,1342,1
2886,1341,1
2887,1340,1
2888,1339,1
2889,1338,1
2890,1337,1
2891,1336,1
2892,1335,1
2893,1334,1
2894,1333,1
2895,1332,1
2896,1331,1
2897,1330,1
2898,1329,1
2899,1328,1
2900,1327,1
2901,1326,1
2902,1325,1
2903,1324,1
2904,1323,1
2905,1322,1
2906,1321,1
2907,1320,1
2908,1319,1
2909,1318,1
2910,1317,1
2911,1316,1
2912,1315,1
2913,1314,1
2914,1313,1
2915,1312,1
2916,1311,1
2917,1310,1
2918,1309,1
2919,1308,1
2920,1307,1
2921,1306,1
2922,1305,1
2923,1304,1
2924,1303,1
2925,1302,1
2926,1301,1
2927,1300,1
2928,1299,1
2929,1298,1
2930,1297,1
2931,1296,1
2932,1295,1
2933,1294,1
2934,1293,1
2935,1292,1
2936,1291,1
2937,1290,1
2938,1289,1
2939,1288,1
2940,1287,1
2941,1286,1
2942,1285,1
2943,1284,1
2944,1283,1
2945,1282,1
2946,1281,1
2947,1280,1
2948,1279,1
2949,1278,1
2950,1277,1
2951,1276,1
2952,1275,1
2953,1274,1
2954,1273,1
2955,1272,1
2956,1271,1
2957,1270,1
2958,1269,1
2959,1268,1
2960,1267,1
2961,1266,1
2962,1265,1
2963,1264,1
2964,1263,1
2965,1262,1
2966,1261,1
2967,1260,1
2968,1259,1
2969,1258,1
2970,1257,1
2971,1256,1
2972,1255,1
2973,1254,1
2974,1253,1
2975,1252,1
2976,1251,1
2977,1250,1
2978,1249,1
2979,1248,1
2980,1247,1
2981,1246,1
2982,1245,1
2983,1244,1
2984,1243,1
2985,1242,1
2986,1241,1
2987,1240,1
2988,1239,1
2989,1238,1
2990,1237,1
2991,1236,1
2992,1235,1
2993,1234,1
2994,1233,1
2995,1232,1
2996,1231,1
2997,1230,1
2998,1229,1
2999,1228,1
3000,1227,1
3001,1226,1
3002,1225,1
3003,1224,1
3004,1223,1
3005,1222,1
3006,1221,1
3007,1220,1
3008,1219,1
3009,1218,1
3010,1217,1
3011,1216,1
3012,1215,1
3013,1214,1
3014,1213,1
3015,1212,1
3016,1211,1
3017,1210,1
3018,1209,1
3019,1208,1
3020,1207,1
3021,1206,1
3022,1205,1
3023,1204,1
3024,1203,1
3025,1202,1
3026,1201,1
3027,1200,1
3028,1199,1
3029,1198,1
3030,1197,1
3031,1196,1
3032,1195,1
3033,1194,1
3034,1193,1
3035,1192,1
3036,1191,1
3037,1190,1
3038,1189,1
3039,1188,1
3040,1187,1
3041,1186,1
3042,1185,1
3043,1184,1
3044,1183,1
3045,1182,1
3046,1181,1
3047,1180,1
3048,1179,1
3049,1178,1
3050,1177,1
3051,1176,1
3052,1175,1
3053,1174,1
3054,1173,1
3055,1172,1
3056,1171,1
3057,1170,1
3058,1169,1
3059,1168,1
3060,1167,1
3061,1166,1
3062,1165,1
3063,1164,1
3064,1163,1
3065,1162,1
3066,1161,1
3067,1160,1
3068,1159,1
3069,1158,1
3070,1157,1
3071,1156,1
3072,1155,1
3073,1154,1
3074,1153,1
3075,1152,1
3076,1151,1
3077,1150,1
3078,1149,1
3079,1148,1
3080,1147,1
3081,1146,1
3082,1145,1
3083,1144,1
3084,1143,1
3085,1142,1
3086,1141,1
3087,1140,1
3088,1139,1
3089,1138,1
3090,1137,1
3091,1136,1
3092,1135,1
3093,1134,1
3094,1133,1
3095,1132,1
3096,1131,1
3097,1130,1
3098,1129,1
3099,1128,1
3100,1127,1
3101,1126,1
3102,1125,1
3103,1124,1
3104,1123,1
3105,1122,1
3106,1121,1
3107,1120,1
3108,1119,1
3109,1118,1
3110,1117,1
3111,1116,1
3112,1115,1
3113,1114,1
3114,1113,1
3115,1112,1
3116,1111,1
3117,1110,1
3118,1109,1
3119,1108,1
3120,1107,1
3121,1106,1
3122,1105,1
3123,1104,1
3124,1103,1
3125,1102,1
3126,1101,1
3127,1100,1
3128,1099,1
3129,1098,1
3130,1097,1
3131,1096,1
3132,1095,1
3133,1094,1
3134,1093,1
3135,1092,1
3136,1091,1
3137,1090,1
3138,1089,1
3139,1088,1
3140,1087,1
3141,1086,1
3142,1085,1
3143,1084,1
3144,1083,1
3145,1082,1
3146,1081,1
3147,1080,1
3148,1079,1
3149,1078,1
3150,1077,1
3151,1076,1
3152,1075,1
3153,1074,1
3154,1073,1
3155,1072,1
3156,1071,1
3157,1070,1
3158,1069,1
3159,1068,1
3160,1067,1
3161,1066,1
3162,1065,1
3163,1064,1
3164,1063,1
3165,1062,1
3166,1061,1
3167,1060,1
3168,1059,1
3169,1058,1
3170,1057,1
3171,1056,1
3172,1055,1
3173,1054,1
3174,1053,1
3175,1052,1
3176,1051,1
3177,1050,1
3178,1049,1
3179,1048,1
3180,1047,1
3181,1046,1
3182,1045,1
3183,1044,1
3184,1043,1
3185,1042,1
3186,1041,1
3187,1040,1
3188,1039,1
3189,1038,1
3190,1037,1
3191,1036,1
3192,1035,1
3193,1034,1
3194,1033,1
3195,1032,1
3196,1031,1
3197,1030,1
3198,1029,1
3199,1028,1
3200,1027,1
3201,1026,1
3202,1025,1
3203,1024,1
3204,1023,1
3205,1022,1
3206,1021,1
3207,1020,1
3208,1019,1
3209,1018,1
3210,1017,1
3211,1016,1
3212,1015,1
3213,1014,1
3214,1013,1
3215,1012,1
3216,1011,1
3217,1010,1
3218,1009,1
3219,1008,1
3220,1007,1
3221,1006,1
3222,1005,1
3223,1004,1
3224,1003,1
3225,1002,1
3226,1001,1
3227,1000,1
3228,999,1
3229,998,1
3230,997,1
3231,996,1
3232,995,1
3233,994,1
3234,993,1
3235,992,1
3236,991,1
3237,990,1
3238,989,1
3239,988,1
3240,987,1
3241,986,1
3242,985,1
3243,984,1
3244,983,1
3245,982,1
3246,981,1
3247,980,1
3248,979,1
3249,978,1
3250,977,1
3251,976,1
3252,975,1
3253,974,1
3254,973,1
3255,972,1
3256,971,1
3257,970,1
3258,969,1
3259,968,1
3260,967,1
3261,966,1
3262,965,1
3263,964,1
3264,963,1
3265,962,1
3266,961,1
3267,960,1
3268,959,1
3269,958,1
3270,957,1
3271,956,1
3272,955,1
3273,954,1
3274,953,1
3275,952,1
3276,951,1
3277,950,1
3278,949,1
3279,948,1
3280,947,1
3281,946,1
3282,945,1
3283,944,1
3284,943,1
3285,942,1
3286,941,1
3287,940,1
3288,939,1
3289,938,1
3290,937,1
3291,936,1
3292,935,1
3293,934,1
3294,933,1
3295,932,1
3296,931,1
3297,930,1
3298,929,1
3299,928,1
3300,927,1
3301,926,1
3302,925,1
3303,924,1
3304,923,1
3305,922,1
3306,921,1
3307,920,1
3308,919,1
3309,918,1
3310,917,1
3311,916,1
3312,915,1
3313,914,1
3314,913,1
3315,912,1
3316,911,1
3317,910,1
3318,909,1
3319,908,1
3320,907,1
3321,906,1
3322,905,1
3323,904,1
3324,903,1
3325,902,1
3326,901,1
3327,900,1
3328,899,1
3329,898,1
3330,897,1
3331,896,1
3332,895,1
3333,894,1
3334,893,1
3335,892,1
3336,891,1
3337,890,1
3338,889,1
3339,888,1
3340,887,1
3341,886,1
3342,885,1
3343,884,1
3344,883,1
3345,882,1
3346,881,1
3347,880,1
3348,879,1
3349,878,1
3350,877,1
3351,876,1
3352,875,1
3353,874,1
3354,873,1
3355,872,1
3356,871,1
3357,870,1
3358,869,1
3359,868,1
3360,867,1
3361,866,1
3362,865,1
3363,864,1
3364,863,1
3365,862,1
3366,861,1
3367,860,1
3368,859,1
3369,858,1
3370,857,1
3371,856,1
3372,855,1
3373,854,1
3374,853,1
3375,852,1
3376,851,1
3377,850,1
3378,849,1
3379,848,1
3380,847,1
3381,846,1
3382,845,1
3383,844,1
3384,843,1
3385,842,1
3386,841,1
3387,840,1
3388,839,1
3389,838,1
3390,837,1
3391,836,1
3392,835,1
3393,834,1
3394,833,1
3395,832,1
3396,831,1
3397,830,1
3398,829,1
3399,828,1
3400,827,1
3401,826,1
3402,825,1
3403,824,1
3404,823,1
3405,822,1
3406,821,1
3407,820,1
3408,819,1
3409,818,1
3410,817,1
3411,816,1
3412,815,1
3413,814,1
3414,813,1
3415,812,1
3416,811,1
3417,810,1
3418,809,1
3419,808,1
3420,807,1
3421,806,1
3422,805,1
3423,804,1
3424,803,1
3425,802,1
3426,801,1
3427,800,1
3428,799,1
3429,798,1
3430,797,1
3431,796,1
3432,795,1
3433,794,1
3434,793,1
3435,792,1
3436,791,1
3437,790,1
3438,789,1
3439,788,1
3440,787,1
3441,786,1
3442,785,1
3443,784,1
3444,783,1
3445,782,1
3446,781,1
3447,780,1
3448,779,1
3449,778,1
3450,777,1
3451,776,1
3452,775,1
3453,774,1
3454,773,1
3455,772,1
3456,771,1
3457,770,1
3458,769,1
3459,768,1
3460,767,1
3461,766,1
3462,765,1
3463,764,1
3464,763,1
3465,762,1
3466,761,1
3467,760,1
3468,759,1
3469,758,1
3470,757,1
3471,756,1
3472,755,1
3473,754,1
3474,753,1
3475,752,1
3476,751,1
3477,750,1
3478,749,1
3479,748,1
3480,747,1
3481,746,1
3482,745,1
3483,744,1
3484,743,1
3485,742,1
3486,741,1
3487,740,1
3488,739,1
3489,738,1
3490,737,1
3491,736,1
3492,735,1
3493,734,1
3494,733,1
3495,732,1
3496,731,1
3497,730,1
3498,729,1
3499,728,1
3500,727,1
3501,726,1
3502,725,1
3503,724,1
3504,723,1
3505,722,1
3506,721,1
3507,720,1
3508,719,1
3509,718,1
3510,717,1
3511,716,1
3512,715,1
3513,714,1
3514,713,1
3515,712,1
3516,711,1
3517,710,1
3518,709,1
3519,708,1
3520,707,1
3521,706,1
3522,705,1
3523,704,1
3524,703,1
3525,702,1
3526,701,1
3527,700,1
3528,699,1
3529,698,1
3530,697,1
3531,696,1
3532,695,1
3533,694,1
3534,693,1
3535,692,1
3536,691,1
3537,690,1
3538,689,1
3539,688,1
3540,687,1
3541,686,1
3542,685,1
3543,684,1
3544,683,1
3545,682,1
3546,681,1
3547,680,1
3548,679,1
3549,678,1
3550,677,1
3551,676,1
3552,675,1
3553,674,1
3554,673,1
3555,672,1
3556,671,1
3557,670,1
3558,669,1
3559,668,1
3560,667,1
3561,666,1
3562,665,1
3563,664,1
3564,663,1
3565,662,1
3566,661,1
3567,660,1
3568,659,1
3569,658,1
3570,657,1
3571,656,1
3572,655,1
3573,654,1
3574,653,1
3575,652,1
3576,651,1
3577,650,1
3578,649,1
3579,648,1
3580,647,1
3581,646,1
3582,645,1
3583,644,1
3584,643,1
3585,642,1
3586,641,1
3587,640,1
3588,639,1
3589,638,1
3590,637,1
3591,636,1
3592,635,1
3593,634,1
3594,633,1
3595,632,1
3596,631,1
3597,630,1
3598,629,1
3599,628,1
3600,627,1
3601,626,1
3602,625,1
3603,624,1
3604,623,1
3605,622,1
3606,621,1
3607,620,1
3608,619,1
3609,618,1
3610,617,1
3611,616,1
3612,615,1
3613,614,1
3614,613,1
3615,612,1
3616,611,1
3617,610,1
3618,609,1
3619,608,1
3620,607,1
3621,606,1
3622,605,1
3623,604,1
3624,603,1
3625,602,1
3626,601,1
3627,600,1
3628,599,1
3629,598,1
3630,597,1
3631,596,1
3632,595,1
3633,594,1
3634,593,1
3635,592,1
3636,591,1
3637,590,1
3638,589,1
3639,588,1
3640,587,1
3641,586,1
3642,585,1
3643,584,1
3644,583,1
3645,582,1
3646,581,1
3647,580,1
3648,579,1
3649,578,1
3650,577,1
3651,576,1
3652,575,1
3653,574,1
3654,573,1
3655,572,1
3656,571,1
3657,570,1
3658,569,1
3659,568,1
3660,567,1
3661,566,1
3662,565,1
3663,564,1
3664,563,1
3665,562,1
3666,561,1
3667,560,1
3668,559,1
3669,558,1
3670,557,1
3671,556,1
3672,555,1
3673,554,1
3674,553,1
3675,552,1
3676,551,1
3677,550,1
3678,549,1
3679,548,1
3680,547,1
3681,546,1
3682,545,1
3683,544,1
3684,543,1
3685,542,1
3686,541,1
3687,540,1
3688,539,1
3689,538,1
3690,537,1
3691,536,1
3692,535,1
3693,534,1
3694,533,1
3695,532,1
3696,531,1
3697,530,1
3698,529,1
3699,528,1
3700,527,1
3701,526,1
3702,525,1
3703,524,1
3704,523,1
3705,522,1
3706,521,1
3707,520,1
3708,519,1
3709,518,1
3710,517,1
3711,516,1
3712,515,1
3713,514,1
3714,513,1
3715,512,1
3716,511,1
3717,510,1
3718,509,1
3719,508,1
3720,507,1
3721,506,1
3722,505,1
3723,504,1
3724,503,1
3725,502,1
3726,501,1
3727,500,1
3728,499,1
3729,498,1
3730,497,1
3731,496,1
3732,495,1
3733,494,1
3734,493,1
3735,492,1
3736,491,1
3737,490,1
3738,489,1
3739,488,1
3740,487,1
3741,486,1
3742,485,1
3743,484,1
3744,483,1
3745,482,1
3746,481,1
3747,480,1
3748,479,1
3749,478,1
3750,477,1
3751,476,1
3752,475,1
3753,474,1
3754,473,1
3755,472,1
3756,471,1
3757,470,1
3758,469,1
3759,468,1
3760,467,1
3761,466,1
3762,465,1
3763,464,1
3764,463,1
3765,462,1
3766,461,1
3767,460,1
3768,459,1
3769,458,1
3770,457,1
3771,456,1
3772,455,1
3773,454,1
3774,453,1
3775,452,1
3776,451,1
3777,450,1
3778,449,1
3779,448,1
3780,447,1
3781,446,1
3782,445,1
3783,444,1
3784,443,1
3785,442,1
3786,441,1
3787,440,1
3788,439,1
3789,438,1
3790,437,1
3791,436,1
3792,435,1
3793,434,1
3794,433,1
3795,432,1
3796,431,1
3797,430,1
3798,429,1
3799,428,1
3800,427,1
3801,426,1
3802,425,1
3803,424,1
3804,423,1
3805,422,1
3806,421,1
3807,420,1
3808,419,1
3809,418,1
3810,417,1
3811,416,1
3812,415,1
3813,414,1
3814,413,1
3815,412,1
3816,411,1
3817,410,1
3818,409,1
3819,408,1
3820,407,1
3821,406,1
3822,405,1
3823,404,1
3824,403,1
3825,402,1
3826,401,1
3827,400,1
3828,399,1
3829,398,1
3830,397,1
3831,396,1
3832,395,1
3833,394,1
3834,393,1
3835,392,1
3836,391,1
3837,390,1
3838,389,1
3839,388,1
3840,387,1
3841,386,1
3842,385,1
3843,384,1
3844,383,1
3845,382,1
3846,381,1
3847,380,1
3848,379,1
3849,378,1
3850,377,1
3851,376,1
3852,375,1
3853,374,1
3854,373,1
3855,372,1
3856,371,1
3857,370,1
3858,369,1
3859,368,1
3860,367,1
3861,366,1
3862,365,1
3863,364,1
3864,363,1
3865,362,1
3866,361,1
3867,360,1
3868,359,1
3869,358,1
3870,357,1
3871,356,1
3872,355,1
3873,354,1
3874,353,1
3875,352,1
3876,351,1
3877,350,1
3878,349,1
3879,348,1
3880,347,1
3881,346,1
3882,345,1
3883,344,1
3884,343,1
3885,342,1
3886,341,1
3887,340,1
3888,339,1
3889,338,1
3890,337,1
3891,336,1
3892,335,1
3893,334,1
3894,333,1
3895,332,1
3896,331,1
3897,330,1
3898,329,1
3899,328,1
3900,327,1
3901,326,1
3902,325,1
3903,324,1
3904,323,1
3905,322,1
3906,321,1
3907,320,1
3908,319,1
3909,318,1
3910,317,1
3911,316,1
3912,315,1
3913,314,1
3914,313,1
3915,312,1
3916,311,1
3917,310,1
3918,309,1
3919,308,1
3920,307,1
3921,306,1
3922,305,1
3923,304,1
3924,303,1
3925,302,1
3926,301,1
3927,300,1
3928,299,1
3929,298,1
3930,297,1
3931,296,1
3932,295,1
3933,294,1
3934,293,1
3935,292,1
3936,291,1
3937,290,1
3938,289,1
3939,288,1
3940,287,1
3941,286,1
3942,285,1
3943,284,1
3944,283,1
3945,282,1
3946,281,1
3947,280,1
3948,279,1
3949,278,1
3950,277,1
3951,276,1
3952,275,1
3953,274,1
3954,273,1
3955,272,1
3956,271,1
3957,270,1
3958,269,1
3959,268,1
3960,267,1
3961,266,1
3962,265,1
3963,264,1
3964,263,1
3965,262,1
3966,261,1
3967,260,1
3968,259,1
3969,258,1
3970,257,1
3971,256,1
3972,255,1
3973,254,1
3974,253,1
3975,252,1
3976,251,1
3977,250,1
3978,249,1
3979,248,1
3980,247,1
3981,246,1
3982,245,1
3983,244,1
3984,243,1
3985,242,1
3986,241,1
3987,240,1
3988,239,1
3989,238,1
3990,237,1
3991,236,1
3992,235,1
3993,234,1
3994,233,1
3995,232,1
3996,231,1
3997,230,1
3998,229,1
3999,228,1
4000,227,1
4001,226,1
4002,225,1
4003,224,1
4004,223,1
4005,222,1
4006,221,1
4007,220,1
4008,219,1
4009,218,1
4010,217,1
4011,216,1
4012,215,1
4013,214,1
4014,213,1
4015,212,1
4016,211,1
4017,210,1
4018,209,1
4019,208,1
4020,207,1
4021,206,1
4022,205,1
4023,204,1
4024,203,1
4025,202,1
4026,201,1
4027,200,1
4028,199,1
4029,198,1
4030,197,1
4031,196,1
4032,195,1
4033,194,1
4034,193,1
4035,192,1
4036,191,1
4037,190,1
4038,189,1
4039,188,1
4040,187,1
4041,186,1
4042,185,1
4043,184,1
4044,183,1
4045,182,1
4046,181,1
4047,180,1
4048,179,1
4049,178,1
4050,177,1
4051,176,1
4052,175,1
4053,174,1
4054,173,1
4055,172,1
4056,171,1
4057,170,1
4058,169,1
4059,168,1
4060,167,1
4061,166,1
4062,165,1
4063,164,1
4064,163,1
4065,162,1
4066,161,1
4067,160,1
4068,159,1
4069,158,1
4070,157,1
4071,156,1
4072,155,1
4073,154,1
4074,153,1
4075,152,1
4076,151,1
4077,150,1
4078,149,1
4079,148,1
4080,147,1
4081,146,1
4082,145,1
4083,144,1
4084,143,1
4085,142,1
4086,141,1
4087,140,1
4088,139,1
4089,138,1
4090,137,1
4091,136,1
4092,135,1
4093,134,1
4094,133,1
4095,132,1
4096,131,1
4097,130,1
4098,129,1
4099,128,1
4100,127,1
4101,126,1
4102,125,1
4103,124,1
4104,123,1
4105,122,1
4106,121,1
4107,120,1
4108,119,1
4109,118,1
4110,117,1
4111,116,1
4112,115,1
4113,114,1
4114,113,1
4115,112,1
4116,111,1
4117,110,1
4118,109,1
4119,108,1
4120,107,1
4121,106,1
4122,105,1
4123,104,1
4124,103,1
4125,102,1
4126,101,1
4127,100,1
4128,99,1
4129,98,1
4130,97,1
4131,96,1
4132,95,1
4133,94,1
4134,93,1
4135,92,1
4136,91,1
4137,90,1
4138,89,1
4139,88,1
4140,87,1
4141,86,1
4142,85,1
4143,84,1
4144,83,1
4145,82,1
4146,81,1
4147,80,1
4148,79,1
4149,78,1
4150,77,1
4151,76,1
4152,75,1
4153,74,1
4154,73,1
4155,72,1
4156,71,1
4157,70,1
4158,69,1
4159,68,1
4160,67,1
4161,66,1
4162,65,1
4163,64,1
4164,63,1
4165,62,1
4166,61,1
4167,60,1
4168,59,1
4169,58,1
4170,57,1
4171,56,1
4172,55,1
4173,54,1
4174,53,1
4175,52,1
4176,51,1
4177,50,1
4178,49,1
4179,48,1
4180,47,1
4181,46,1
4182,45,1
4183,44,1
4184,43,1
4185,42,1
4186,41,1
4187,40,1
4188,39,1
4189,38,1
4190,0,1
0,4228,2
1,4227,2
2,2,2
3,0,2
0,4228,3
1,4227,3
2,4226,3
3,4225,3
4,4224,3
5,4223,3
6,4222,3
7,4221,3
8,4220,3
9,4219,3
10,4218,3
11,4217,3
12,4216,3
13,4215,3
14,4214,3
15,4213,3
16,4212,3
17,4211,3
18,4210,3
19,4209,3
20,4208,3
21,4207,3
22,4206,3
23,4205,3
24,4204,3
25,4203,3
26,4202,3
27,4201,3
28,4200,3
29,4199,3
30,4198,3
31,4197,3
32,4196,3
33,4195,3
34,4194,3
35,4193,3
36,4192,3
37,4191,3
38,4190,3
39,4189,3
40,4188,3
41,4187,3
42,4186,3
43,4185,3
44,4184,3
45,4183,3
46,4182,3
47,4181,3
48,4180,3
49,4179,3
50,4178,3
51,4177,3
52,4176,3
53,4175,3
54,4174,3
55,4173,3
56,4172,3
57,4171,3
58,4170,3
59,4169,3
60,4168,3
61,4167,3
62,4166,3
63,4165,3
64,4164,3
65,4163,3
66,4162,3
67,4161,3
68,4160,3
69,4159,3
70,4158,3
71,4157,3
72,4156,3
73,4155,3
74,4154,3
75,4153,3
76,4152,3
77,4151,3
78,4150,3
79,4149,3
80,4148,3
81,4147,3
82,4146,3
83,4145,3
84,4144,3
85,4143,3
86,4142,3
87,4141,3
88,4140,3
89,4139,3
90,4138,3
91,4137,3
92,4136,3
93,4135,3
94,4134,3
95,4133,3
96,4132,3
97,4131,3
98,4130,3
99,4129,3
100,4128,3
101,4127,3
102,4126,3
103,4125,3
104,4124,3
105,4123,3
106,4122,3
107,4121,3
108,4120,3
109,4119,3
110,4118,3
111,4117,3
112,4116,3
113,4115,3
114,4114,3
115,4113,3
116,4112,3
117,4111,3
118,4110,3
119,4109,3
120,4108,3
121,4107,3
122,4106,3
123,4105,3
124,4104,3
125,4103,3
126,4102,3
127,4101,3
128,4100,3
129,4099,3
130,4098,3
131,4097,3
132,4096,3
133,4095,3
134,4094,3
135,4093,3
136,4092,3
137,4091,3
138,4090,3
139,4089,3
140,4088,3
141,4087,3
142,4086,3
143,4085,3
144,4084,3
145,4083,3
146,4082,3
147,4081,3
148,4080,3
149,4079,3
150,4078,3
151,4077,3
152,4076,3
153,4075,3
154,4074,3
155,4073,3
156,4072,3
157,4071,3
158,4070,3
159,4069,3
160,4068,3
161,4067,3
162,4066,3
163,4065,3
164,4064,3
165,4063,3
166,4062,3
167,4061,3
168,4060,3
169,4059,3
170,4058,3
171,4057,3
172,4056,3
173,4055,3
174,4054,3
175,4053,3
176,4052,3
177,4051,3
178,4050,3
179,4049,3
180,4048,3
181,4047,3
182,4046,3
183,4045,3
184,4044,3
185,4043,3
186,4042,3
187,4041,3
188,4040,3
189,4039,3
190,4038,3
191,4037,3
192,4036,3
193,4035,3
194,4034,3
195,4033,3
196,4032,3
197,4031,3
198,4030,3
199,4029,3
200,4028,3
201,4027,3
202,4026,3
203,4025,3
204,4024,3
205,4023,3
206,4022,3
207,4021,3
208,4020,3
209,4019,3
210,4018,3
211,4017,3
212,4016,3
213,4015,3
214,4014,3
215,4013,3
216,4012,3
217,4011,3
218,4010,3
219,4009,3
220,4008,3
221,4007,3
222,4006,3
223,4005,3
224,4004,3
225,4003,3
226,4002,3
227,4001,3
228,4000,3
229,3999,3
230,3998,3
231,3997,3
232,3996,3
233,3995,3
234,3994,3
235,3993,3
236,3992,3
237,3991,3
238,3990,3
239,3989,3
240,3988,3
241,3987,3
242,3986,3
243,3985,3
244,3984,3
245,3983,3
246,3982,3
247,3981,3
248,3980,3
249,3979,3
250,3978,3
251,3977,3
252,3976,3
253,3975,3
254,3974,3
255,3973,3
256,3972,3
257,3971,3
258,3970,3
259,3969,3
260,3968,3
261,3967,3
262,3966,3
263,3965,3
264,3964,3
265,3963,3
266,3962,3
267,3961,3
268,3960,3
269,3959,3
270,3958,3
271,3957,3
272,3956,3
273,3955,3
274,3954,3
275,3953,3
276,3952,3
277,3951,3
278,3950,3
279,3949,3
280,3948,3
281,3947,3
282,3946,3
283,3945,3
284,3944,3
285,3943,3
286,3942,3
287,3941,3
288,3940,3
289,3939,3
290,3938,3
291,3937,3
292,3936,3
293,3935,3
294,3934,3
295,3933,3
296,3932,3
297,3931,3
298,3930,3
299,3929,3
300,3928,3
301,3927,3
302,0,3
